Cycle,End Voltage [V]
1,4.183370737620717
2,4.183370737620717
3,4.183370737620717
4,4.183370737620717
5,4.183370737620717
